title,description,views,likes,value_score
AI Finger Counting Project using Tensorflow Lite and the Raspberry Pi  #electronics #ai #engineering,more details here: https://www.skool.com/diy.,399681,2346,5.869681070653846
"AI Hardware, Explained.","In 2011, Marc Andreessen said, “software is eating the world.” And in the last year, we've seen a new wave of generative AI, with ...",57026,0,0.0
Simple Person Detection Project with AI And Arduino Camera!  #arduinoworkshop #arduino #tme,"Simple project that can detect if person is there, or it's gone! Thank you for watching! ✦✦✦ See where else you can find us!",476085,3685,7.740214457502336
NPU vs. CPU vs. GPU vs. TPU: AI Hardware Compared,AI and machine learning doesn't just happen magically -- even if it seems like it. Behind every AI innovation is physical hardware ...,59762,1157,19.360128509755363
"&#39;Cheaper AI, Costly Chips&#39; | Altman Says Hardware Demand Won’t Dip | N18S | CNBC TV18","""It's exciting to see AI costs fall, but hardware demand won't drop,"" OpenAI CEO Sam Altman declared during his India visit.",1475,38,25.76271186440678
NVIDIA unveils its most affordable tiny supercomputer,"Nvidia packs big AI power into a small, affordable package with the Jetson Orin Nano Super Developer Kit, priced at just $249.",21831527,494980,22.672715472444963
"What Is an AI Stack? LLMs, RAG, &amp; AI Hardware",Ready to become a certified Certified watsonx Generative AI Engineer? Register now and use code IBMTechYT20 for 20% off of ...,262002,7979,30.45396600025954
AI vs VLSI Engineers – Should You Be Worried? Here’s the Reality!,"1. AI is Automating Repetitive Tasks, Not Replacing Engineers AI is making design automation faster by handling logic synthesis, ...",11974,56,4.676799732754302
PCB AI Design Reviews?,"This is the AI Design Review Tab! Say the word “Reviews” for more info! This is your go-to for smarter, context-aware PCB checks, ...",193375,2600,13.445378151260504
AI’s Hardware Problem,Links: - The Asianometry Newsletter: https://asianometry.com - Patreon: https://www.patreon.com/Asianometry - The Podcast: ...,661615,19099,28.86724152263779
AI Hardware: GPUs | Cybernet Manufacturing,"GPUs power AI by handling massive parallel processing tasks, enabling faster machine learning. Originally for gaming, they now ...",1930,38,19.68911917098446
The AI Hardware Problem,Check out Brilliant with this link to receive a 20% discount! https://brilliant.org/NewMind/ The millennia-old idea of expressing ...,533499,21828,40.914790843094366
China’s Next AI Shock Is Hardware,China's next AI shock isn't another DeepSeek-style model. It's hardware. After DeepSeek proved China could compete under ...,412536,7070,17.137898268272345
How Chips That Power AI Work | WSJ Tech Behind,"The technology behind generative AI like ChatGPT has exploded, fueling a demand for chips that can handle the complex ...",476128,8636,18.137979702937027
This AI Supercomputer can fit on your desk...,Access your devices securely from anywhere with TwinGate: https://ntck.co/dgxspark NVIDIA just sent me their smallest AI ...,1050468,27130,25.826583960672767
AI Hardware w/ Jim Keller,Our mission is to help you solve your problem in a way that is super cost-effective and available to as many people as possible.,50594,1517,29.983792544570502
Jony Ive &amp; OpenAI Tackle AI&#39;s BIGGEST Flaw with New Hardware!,iPhone designer Jony Ive and OpenAI's Sam Altman are building NEW AI hardware in a $6.5 billion deal! But this isn't just another ...,175497,2381,13.56718348461797
I Built The Smallest &amp; Affordable AI Computer — for $150,"I wanted to see if it's possible to build a powerful AI computer — one that can run models like LLaMA, LLaVA, and Stable Diffusion ...",10639,328,30.82996522229533
Hardware Skills for the Age of AI,"As a hardware engineer, I've felt like an outsider for most of this AI revolution. Then OpenAI posted a job paying 3x the market rate ...",43588,2366,54.280994769202536
NVIDIA Blackwell &amp; The 3nm Wall: Is AI Scaling Broken?,Everyone keeps saying AI's biggest problem is data money or regulation. That's wrong. The real challenge holding AI back isn't ...,58064,3049,52.5110223201984
This Box Runs All My AI… From a Coffee Shop,I plugged in a new kind of AI box—and it completely changed my expectations for local AI. Olares One Kickstarter: ...,146664,3180,21.682212403861886
Build Your Own AI Supercomputer at Home 🤯,Subscribe for more AI news you can actually use! It's becoming increasingly possible to just build your own AI supercomputer at ...,147975,3258,22.017232640648757
"Top AI Hardware of 2025 – DGX Spark, Strix Halo &amp; More!",Timestamps: 00:00 - Intro 00:35 - Nvidia Jetson Nano Super 02:30 - Unique Jetson Use Cases 03:12 - Qwen 3 4B on Jetson ...,17869,600,33.577704404275565
"You Guide To Local AI | Hardware, Setup and Models",In this video CJ guides you through the wide world of local AI. He shows how he set up his new 128GB memory mini PC and gives ...,101334,2934,28.9537568831784
OpenAI&#39;s $6.5B AI Device is Already Failing... Here&#39;s Why,"OpenAI and Jony Ive teamed up to build a revolutionary screen-free AI device, but their multi-billion dollar project is already facing ...",381492,4914,12.881004057752193
BEST Embedded AI Hardware for Begineers! In-depth hands-on TUTORIAL,This is arguably the best development board for beginners who'd like to practice edge AI and/or embedded application ...,2020239,3626,1.7948371455060514
Why do AI companies buy GPUs instead CPUs #carterpcs #tech #techtok #techfacts #gpu #cpu #ai,Why do AI companies buy GPUs instead CPUs #carterpcs #tech #techtok #techfacts #gpu #cpu #ai.,1030254,63886,62.0099509441361
Hardware Design With AI Co-Pilot | EP-1 : Intro &amp; Setup | Ampnics,Welcome to the first episode: Hardware Design with AI Co-Pilot. This course introduces a complete hardware design workflow ...,14512,522,35.97023153252481
What happens when hardware can’t scale fast enough with AI?,,32574,1856,56.977957880518204
New OpenAI GUMDROP AI Device Turns ChatGPT Physical,"OpenAI is quietly building its first real consumer hardware product, and it changes everything about how people access AI.",160616,2896,18.03058225830552
"AI Hardware: Training, Inference, Devices and Model Optimization",Learn more about artificial intelligence → https://ibm.biz/BdKDhG In Episode 10 of Mixture of Experts we are talking all hardware ...,7240,151,20.85635359116022
Jony Ive &amp; Open AI Tackle AI&#39;s BIGGEST Flaw with New Hardware Explained #shorts #ai #tech,OpenAI bought IO #openai #chatgpt #samaltman #jonyive #apple #iphone #imac #ipad #applewatch #nvidia #design ...,30822,1039,33.70968788527675
Rabbit R1 &amp; Humane Ai Pin: Why AI Hardware Will Fail,AI devices have problems—and its not even just that they suck—its Apple and Google. Try Monica AI today!,201146,8382,41.671223887126764
How Nvidia GPUs Compare To Google’s And Amazon’s AI Chips,"Nvidia's blowout earnings Wednesday affirmed its place as the world's most valuable company, thanks to “off the charts” sales of ...",1633375,20779,12.721512206321268
AI can now make hardware!,Video by our EE Advocate Mark Wu. #pcbdesign #electricalengineering #electronics #hardware #engineering.,16444,612,37.217222087083435
This AI hardware breakthrough can be a danger to  NVIDIA,,10347,703,67.94239876292644
This Shouldn’t Be Able to Run 120B Locally,I paired a tiny AI box with the MacBook Neo—and it seriously changed what I thought was possible with local AI. Tiiny box: ...,441312,10636,24.100862881589443
Best PC Hardware For Running AI Tools Locally In 2025,ai #aihardware #pchardware #aitools This hardware guide aims to highlight the recent developments of pc components as well as ...,85859,1694,19.730022478715103
The Silicon Behind AI: From GPU to TPU,"GPUs and TPUs have become part of the infrastructure that runs generative AI models today. So, what are the differences ...",21111,0,0.0
I built a private AI mini-cluster with Framework Desktop,Can we build a private AI cluster in a mini rack with Framework's Desktop motherboard? Mentioned in this video: - Framework ...,873016,25568,29.28697755825781
AI Coding Agent for Hardware-Optimized Code,"AI hardware is still constrained by software. Now with reasoning models like Deepseek R1 or OpenAI o1 and o3, AI could ...",20941,1024,48.89928847715009
Put Ai Deep Learning Server with 8 x RTX 4090 🔥#ai #deeplearning #ailearning,,129031,1655,12.826375057156808
The Hard Tradeoffs of Edge AI Hardware,"Errata: I said in this video that ""CPUs and GPUs are not seen as acceptable hardware choices for edge AI solutions"". This is not ...",96228,3819,39.6869933906971
Future of AI hardware | Lex Fridman Podcast,Lex Fridman Podcast full episode: https://www.youtube.com/watch?v=_1f-o0nqpEI Thank you for listening ❤ Check out our ...,20612,385,18.678439743838542
Breakthrough: Radical New AI Hardware Design That Nvidia Can’t Ignore | COSM 2025,"ArtificialIntelligence #AIHardware #FutureOfComputing Recorded at the 2025 COSM Technology Summit, hosted by ...",104007,5719,54.98668358860461
Supermicro Powers the xAI Colossus AI Supercomputer,"Did you know that even the most powerful AI supercomputers have needs beyond just GPUs? In the massive xAI Colossus, ...",243420,2188,8.988579410073125
Raspberry Pi 5 LLM Ai Build,"LLM stands for Large Language Models, basically the ability to host your own offline ai model free of strings.",293132,3278,11.182675381739283
Local AI has a Secret Weakness,,746482,19644,26.315436942886766
AI Agents for Hardware Design: Meet the New Flux Copilot,Log in or sign up for a free trial to see if you already have the new Copilot. https://bit.ly/43fhiAt Imagine an AI teammate that doesn't ...,9915,186,18.759455370650528
Top 5 Best AI Hardware Released in 2023,The epidemic has increased the use of artificial intelligence in numerous businesses. The potential value of artificial intelligence ...,2883,30,10.40582726326743
പണത്തെ മനസ്സിലാക്കാതെ ജീവിതം മാറ്റാനാവില്ല! 🙏 What is Personal Finance Management Explained - EP 1,"To know more about my services, join the giveaway and download PPT - check out this website: ...",241112,9745,40.4169016888417
Launching FREE Personal Finance A to Z Course! ഇനി പണത്തെ പേടിക്കാതെ ജീവിക്കാം 🚀 | Giveaway,"To know more about my services and giveaway, check out this website: https://marketfeed.me/personalfinanceAtoZ Giveaway ...",230786,11393,49.36607939823039
3 simple books to learn personal finance (suitable for beginners) #book #personalfinance,,87393,2588,29.61335576075887
How to make your PERSONAL BALANCE SHEET in under 10 Minutes | Dr. Anil Lamba,Every business prepares a balance sheet. But do you have one for your personal finances? Most people don't. And that is exactly ...,23051,575,24.94468786603618
Personal Finance နဲ့ ပတ်သက်လို့  ကျင့်သုံးသင့်တဲ့အချက် သုံးချက်,Personal Finance နဲ့ ပတ်သက်လို့ ကျင့်သုံးသင့်တဲ့အချက် သုံးချက် Danadaily 1.,13315,765,57.45399924896733
Basic personal finance math,One thing that discourages most people from starting their personal finance journeys is that they get intimidated by all the ...,212098,4465,21.05158935963564
My 6-step Payday Routine. Full guide 👆 #shorts #payday #personalfinance,,4074711,143300,35.16813830477793
"$6500 invested at 21 vs. $10,000 invested at 45! 🤨 #personalfinance #rothira #investing",,4862522,158763,32.65034070797007
10 Tips To Get Better At Personal Finance - Let&#39;s Learn From Dr. Pattu,I am a doctor (a pharmacologist) who loves talking and learning about personal finance This is a podcast where Prof.,14857,260,17.500168270848757
I’m a 30 Year Old Personal Finance Content Creator and I’m Not Afraid to Admit That…,"1. Two years ago, I had almost $60000 saved and zero credit card debt, and today, I have $0 saved and almost $50K in debt!",16920,480,28.368794326241133
10 Crucial Personal Finance Lessons That Transformed My Life,"I go over the best lessons, or the greatest hits of personal finance lessons that not only changed my life - but can change yours too ...",666197,13742,20.627532096361886
10 Clever Personal Finance Rules you should know. #PKBOLA,"In this video, we will be discussing 10 personal finance rules that can help you save a lot of money and secure your financial ...",615125,22558,36.67222109327373
Personal Finance Basics for Beginners | Simple Money Tips | Ranveer Allahbadia,"Checkout Sqrrl here: https://l.sqrrl.in/BeerBiceps This video is powered by Sqrrl, a Gurgaon based Fintech Brand that aims to ...",1096664,60953,55.5803783109503
5 things I wish I knew about personal finance in my early 20s 💸,,11074,490,44.24778761061947
A Minimalist Approach to Personal Finance,My Simple Habits Course is now enrolling! https://slowgrowth.com/simple-habits ☝️   Get exclusive content: ...,4071787,112774,27.696438934551338
Beginners guide to personal finance,"A common personal finance mistake we all make is not starting to invest early, even if we can. Maybe it's because of the youthful ...",328384,6611,20.131918729292536
Not Just Another Personal Finance Video.,"My new book Build An Epic Career is out now! Discover 15 career tools, avoid common mistakes, and build the mindset for career ...",542444,17024,31.383884788107157
Five personal finance rules! #personalfinance #financialfreedom #financialeducation,,4761,424,89.05692081495484
Why 2027 Will Change Everything You Know About Money,FREE retirement planner calculator → https://tom.better-investor.co/ I'm walking you through what I'd want someone to hand me ...,16564,493,29.763342187877324
Personal Finance 101,,1205285,72636,60.264584724774636
These Are The Steps To Manage Your Money | Personal Finance Basics,"Do you have any idea about personal finance? If not, do you know where to start? Do you go on spending sprees that break your ...",169376,2972,17.546759871528433
75 HARD personal finance challenge Day 1 #budgetingforbeginners #debtpayoff,,5576,252,45.19368723098996
"DAVE RAMSEY IS CLUELESS WHEN IT COMES TO THE $1,000 EMERGENCY FUND STRATEGY",,1902906,42937,22.56391014585061
Disco With KS | Professor Pattabiraman | Personal Finance | கோடீஸ்வரனாக ஒரே வழி | 4K | N18P,"Disco With KS | Professor Pattabiraman | அவசரப்பட்டு HOME LOAN அடைக்க கூடாது, சேமிப்பை ...",558501,5792,10.37061706245826
The 4 Pillars of Personal Finance — And How UPI Is Destroying Them🤯🤯 #personalfinance #finance,The 4 Pillars of Personal Finance — And How UPI Is Destroying Them     #personalfinance #finance Disclaimer: This video is for ...,37095,1774,47.823156759671114
Invest young! Get rich young! #invest #money #young #wealth #savings #personalfinance #rich,,3105215,168356,54.21717980880551
How Much You Should Make to Drive a Model Y! #tesla #personalfinance #modelY,How Much You Should Make to Drive a Model Y! #tesla #personalfinance #modelY FREE STOCKS: WeBull (Get 6-12 Free ...,1215727,17783,14.627461592939861
Top 5 free budgeting apps to manage your personal finance #budgeting #personalfinance,,247080,2961,11.983972802331229
Buying Car With 50% Discount #finance #shorts,Buying Car With 50% Discount #finance #shorts Disclaimer: ⚠️ For educational purposes only. Not investment advice. Market ...,4762,262,55.01889962200756
"Personal Finance, Insurance Fraud, Bad Financial Choices &amp; Budget With Monika Halan | Ajeet Bharti","In this podcast, Monika Halan, a well-known personal finance writer, speaker and author who helps families get their money ...",292628,9481,32.399496972265126
Am I too POOR?! #personalfinance,,169225,10067,59.488846210666274
5 BOOKS to MASTER YOUR MONEY! | Ankur Warikoo #shorts,My Money Apps: https://bit.ly/3Zg56eR My bestselling books: 'GET EPIC SHIT DONE': https://ankurwarikoo.com/getepicshitdone ...,3124721,233569,74.74875356871861
4 of the Best Personal Finance Books,"Four of my favorite personal finance books. Great for saving, investing, budgeting, whatever you need to focus on.",20786,940,45.2227460790917
Make your child a multi-millionaire 💸 #investing #financetips #finance,,3287199,77498,23.575694687178963
7 Personal Finance Principles Made Easier Through Minimalism,Can minimalism help us spend less money? Here are 7 ways minimalism can make a direct impact on our finances and teach us ...,48570,2481,51.08091414453366
The BEST Financial Advice You&#39;ll Hear Today!,,30387007,963688,31.71381768530214
Power Of Compounding #money #lawlessons #personalfinance #investment,,2193787,12298,5.605831377430899
Basics of Personal Finance in Telugu - Power of Compounding | Investment Tips | Abhishek,Download the Boss Wallah App now – https://bw1.in/191 -Trending Videos- ...,9453,340,35.96741775097853
5 BOOKS TO MASTER YOUR MONEY | Personal Finance 💰,Here are the top personal finance books to learn about money. These personal finance books are also suitable for beginners to ...,1286428,47198,36.689188979095604
Warren buffett gives Best Personal Finance Advice For You,shorts #ashortaday warren buffett gives best personal finance advice for ypoung people.he said paying 18% interest on the credit ...,3970424,72303,18.21039768044924
Financial Freedom Explained!,,487451,53939,100.0
जिंदगी में कुछ भी हो सकता है #finance #personalfinance #motivation #hindifinance #financialadvice,"Dhananjai K Mishra, a Physics Professor and an esteemed alumnus of both IIM Lucknow and IIM Raipur, brings a wealth of ...",10994807,599600,54.534836309541404
How I organize my money as a personal finance obsessed 29 year old 💸🤭,,19841,1011,50.95509298926466
Personal Finance Is Personal,Start eliminating debt for free with EveryDollar - https://ter.li/3w6nto Have a question for the show? Call 888-825-5225 ...,71508,2301,32.17821782178218
Iss COUPLE ne FINANCIAL PLANNING kaise ki?! | Ankur Warikoo #shorts,"My latest book ""Beyond The Syllabus"" is written EXCLUSIVELY for teenagers. Pick it up here: https://amzn.to/3ICkIFh If you wish to ...",5277322,124956,23.67791845940043
Find out how financially disciplined are you #LLAShorts 05,DEMAT ACCOUNT: https://link.labourlawadvisor.in/demat ..................................................... QuickPayroll: https://quickpayroll.in/ .,6248554,340565,54.50300981635111
How to invest small money🙌 SUBSCRIBE for more #howtoinvest #money #personalfinance,,72275,6073,84.02628848149429
Rich Secrets Disclosed | Personal Finance Tips | Sonu Sharma,Buy a Term Plan & Get Online Discounts Up to 15%   https://tinyurl.com/56txhy95 Buy our Communication Course ...,1826491,58114,31.817293378396062
How The Rich Transfer Houses 🤑🏠 #assets #finance #personalfinance,,9084219,319906,35.21557549416191
5 Books to MASTER Financial Literacy (Personal Finance) 💰,"Master financial literacy with these books. Before you start investing, you need to get your personal finance settled first. You can ...",44131,1549,35.100043053635765
Crypto Trading LIVE: BTC Live Trading Bitcoin Analysis | 10 APR #crypto #bitcoin #btc,TELEGRAM : https://t.me/TradeForProfitx ✓ NON KYC FOREX BROKER- ...,3728,588,100.0
"Live Gold, Crypto Trading |   10 April | #goldtrading #cryptotrading #bitcoin - MANSI",TOP RECOMMENDED BROKER Open Account: XM Real Account Link: https://affs.click/N3XKA Partner code: TM100 ...,4743,944,100.0
Crypto Gold Live Trading|  10 APRIL #vinbullindia #livetrading #vinbulllive #live #trading,Crypto Gold Live Trading | 10 APRIL #vinbullindia #vinbulllive #livetrading ✓FREE TELEGRAM- ...,7169,2141,100.0
🔴 Bitcoin &amp; Krypto Live Trading: US Inflation &amp; Börsenstart - Das passiert JETZT! 🚨,Registriere Dich bei meiner offiziellen Partnerbörse! Sichere dir exklusive Vorteile & direkten VIP2-Status Jetzt registrieren: ...,3979,1117,100.0
"Live Gold, Forex &amp; Crypto Trading # 399 | Gold Live Trading | CPI | 10/04/2026 | SHR FX","Live Gold, Forex & Crypto Trading # 399 | Gold Live Trading | SMC | CPI | 10/04/2026 | SHR FX ----------------- ⭐ Join Our Premium ...",2075,207,99.75903614457832
"Gold live trading , live Market Analysis for Crypto and Gold | Hindi","This stream is created with #PRISMLiveStudio Gold live trading , live Market Analysis for Crypto and Gold | Hindi Crypto Gold Live ...",1943,123,63.30416881111683
Crypto &amp; Gold Analysis | 09 April || Trading Techstreet | Akhand Pratap Singh,Join Our Telegram For Real Time Support: Free Telegram Channel link - https://tr.ee/GyFEVG Free Gold And Crypto ...,32337,2627,81.23821009988558
How to start #trading in #crypto #Malayalam guide #mallu #cryptoindia #btc #eth #cryptomalayalam,,46744,706,15.103542700667466
$80 Investment $4200 Bitcoin Trading Profit 🔥🔥🔥 #cryptotrading #Bitcoin #trader,,4368110,43214,9.893065879751196
Why People are Shifting to Crypto Trading?,Start Trading here: https://www.delta.exchange/?code=PVIXHL Account Opening Link is in the About Section of the Channel ...,1708496,75860,44.401625757391294
Crypto &amp; Gold Analysis || 8 April || The Trade Room - Mayank Raj,"""No courses, no call tips. Please be aware – I do not take money from any user everything is free ."" ---------------------------- Top ...",322865,27811,86.13816920384681
Crypto Trading,Earn Money in Crypto Trading on Delta Exchange India: https://bit.ly/DeltaFreeOffer ...,593967,29357,49.42530477282408
crypto futures trading  #trading #crypto  #bitcoin #shorts,,625212,4181,6.687331657101911
"Turning $100 Into $10,000 Trading Crypto",Full Course: https://whop.com/the-simple-trader-blueprint/?a=thesimpletrader FREE Discord: ...,2615968,122178,46.70469975167892
Crypto Gold Live Trading 6 APRIL - stock_learners,Google form - https://forms.gle/ButP7QgnUnmiiTZ76 ✓XM - https://www.xm.com/gw.php?gid=259490 XM code GT100 Got ...,109708,11595,100.0
crypto futures trading #crypto  #trading #cryptocurrency #bitcoin #shorts,,2938556,65751,22.375275475437597
A day in the life of a trader ⏰ #crypto #trading #memes,"Meet Ponke. He's just like you — impulsive, curious, wired for risk… and reward. The monkey brain knows: fortune favors the bold.",3197300,62266,19.474556657179495
Bitcoin Live Trade!,Join Our Community for Real-Time Updates: Telegram : https://telegram.dog/tradesparadise Discord ...,163842,5760,35.15582085179624
Keep clicking. Never give up. 💵 #crypto #success #motivation #trading #memes #brainrot,"Meet Ponke. He's just like you — impulsive, curious, wired for risk… and reward. The monkey brain knows: fortune favors the bold.",1480978,67149,45.34098413345775
Made 800% LIVE in one Trade with P&amp;L - Crypto Trading by Prateek Varshney,,162926,4052,24.87018646502093
You&#39;re one swap away from greatness 📈 #crypto #trading #memes,"Meet Ponke. He's just like you — impulsive, curious, wired for risk… and reward. The monkey brain knows: fortune favors the bold.",1570368,38010,24.20451766719648
Crypto Trading Guide: Step-by-Step For Complete Beginners,"Everyone wants to trade crypto, but nobody wants to take the time to learn, and who could blame them? There are countless ...",338797,10903,32.18151282331307
Don’t miss the opportunity of trading on cryptos #crypto #cryptocurrency,,936976,49312,52.628882703505745
Crypto Trading For Beginners Pt.2 | Crypto Trading LIVE DEMO | Bitcoin Trading,"Crypto Trading For Beginners Pt.2 | Crypto Trading LIVE DEMO | Bitcoin Trading This Video is based on crypto trading live demo, ...",350823,21468,61.193251297662925
Crypto Trading Full Guide: Step-by-Step For Beginners | Bitcoin Trading,Make Your First Trade Now With CoinDCX : CoinDCX Link : https://join.coindcx.com/invite/arY5R This Video is based on crypto ...,53086,2478,46.6789737407226
Crypto में पहला Trade कैसे करें | Crypto Trading For Beginners | SAGAR SINHA,"""Crypto products and NFTs are unregulated and can be highly risky. There may be no regulatory recourse for any loss from such ...",178611,5363,30.02614620600075
How to start crypto investment with just 500 rupees | Crypto trading for beginners | Trading School,In this video of Trading School Official you will know about how to start investment in crypto with just 500 rupees. #shorts #stocktak ...,499617,21507,43.04697398207027
Liquidity Trap Strategy 🔥 9/10 Trades Win #crypto #trading #stockmarket,,296855,11334,38.180256354112274
Avoid entering in FOMO #bitcoin #cryptocurrency #trading #scalping,"""No courses, no call tips. Please be aware – I do not take money from any user everything is free ."" ⚡ Join My Only Official ...",1221174,45609,37.34848596514502
Crypto Trading For Beginners Full Course | Learn Trading From Scratch | Trading Course (Day 2/10),Crypto Trading For Beginners Full Course | Learn Trading From Scratch | Trading Course (Day 2/10) This is the Second video of a ...,244987,17692,72.21607677142053
"The SIMPLE 3-Step Trading Strategy That Makes Me $3,496/Day","In this video I break down the daily trading strategy I use almost every day to keep day trading simple, structured, and profitable.",40484,1416,34.97678095049896
Price Action Vs Smart Money Concept | Crypto Trading Psychology | Day Trading | #trading #crypto,Price Action Vs Smart Money Concept | Crypto Trading Psychology | Day Trading | #trading #crypto #shorts.,423916,11697,27.592730635314542
Crypto Trading FULL Course For Beginners Pt.1 | How to Start Trading in Crypto | Bitcoin Trading,Crypto Trading FULL Course For Beginners Pt.1 | How to Start Trading in Crypto | Bitcoin Trading This Video is based on crypto ...,632232,28072,44.40142226271369
crypto futures trading #crypto  #trading #cryptocurrency #bitcoin #shorts,,1463677,31467,21.49859566010807
Watch this if you Trade CRYPTO !!! 😱🤯,"Is India ready for crypto? In this video, I share my personal experience with crypto trading in India and why it's still a challenge.",865582,58773,67.89997943580157
🔴 LIVE Bitcoin Trading! Bitcoin am kritischen Punkt! JETZT entscheidet es sich!,EXKLUSIV 20% RABATT AUF DIE TRADING GEBUEHREN https://bit.ly/trading-exchange ...,2684,236,87.9284649776453
How Much Can I Make In A Day Trading Crypto? #crypto #trading,crypto trading online income #crypto #daytrading #trading #onlineincome #income #wealth #finance #money #knowledge ...,1121721,36797,32.80405733689572
500 profit from Crypto Trading❤️‍🔥 | #shorts #crypto #trading,500 profit from Crypto Trading❤️‍   | #shorts #crypto #trading.,512001,16612,32.445249130372794
There are two types of trader 💸 #crypto #trading #memes #brainrot,"Meet Ponke. He's just like you — impulsive, curious, wired for risk… and reward. The monkey brain knows: fortune favors the bold.",4090422,94937,23.209585710227454
Crypto Trading Se Daily Profit Kaise Kamaye? Full Tutorial | Crypto Trading kaise start kare ,Crypto Trading Se Daily Profit Kaise Kamaye? Full Tutorial | Crypto Trading kaise start kare coinDCX app link ...,2782,130,46.72897196261682
Bitcoin Trading in Binance | Loss turn into profit | Futures Trading,,3333363,49535,14.860367742727089
3 Best Crypto Trading Apps in India | #Investing #bitcoin #shorts,"Looking to trade crypto in India? In this Shorts video, I'm sharing the 3 Best Crypto Trading Apps in India that every trader should ...",226635,5152,22.73258764092042
Crypto Trading Hua Aasaan! 💰 Leverage Se jyda kamanr ka mauka 🚀,,241380,15116,62.623249647858145
Crypto Trading tumko barbad kar degi 😨 | Trade with Purab,"Crypto Trading Warning: Must Watch Before You Start! Thinking about crypto trading? Beware! The crypto market is highly volatile, ...",309289,23051,74.52900038475342
Cheapest Crypto Broker in India? 💹 | Bitcoin Trading Test”,Cheapest Crypto Broker in India? | Bitcoin Trading Test” Full video link https://youtu.be/TwGmS5bHMnI Are you searching for ...,214557,4723,22.01279846381148
Crypto Trading For Beginners | Bitcoin Trading for Beginners | Cryptocurrency | Part-2,Crypto Trading For Beginners | Bitcoin Trading for Beginners | Cryptocurrency | Part-2 ----------------------------- Crypto Trading APP ...,1052106,34395,32.69157290235014
Everything’s fineeee! 🙈 #crypto #trading #solana #memes #funny,"Trade PONKE on Moonshot: https://moonshot.money/@ponke PONKE on Solana. Explore the world of memecoins with Ponke, ...",763018,29970,39.278234589485436
"Start Crypto Trading with ₹15,000 - Best Strategy To Grow Small Capital Crypto Account",How To Get VIP Crypto Club Access + Pro Mentorship Course ( Worth Rs.10000 ) ------------ Step - 1 : Create Your Active ...,195444,6034,30.873293628865557
7 Years of Crypto Trading Knowledge in 50 Minutes,"I've been trading Crypto and Investing in Crypto for the last 7 years. And I've bought it all. From Bitcoin to Ethereum, popular ...",819703,25959,31.668787353468264
How To Become Crypto Millionaire #trading #crypto #bitcoin,,150411,9380,62.36246019240614
My 2025 Desk Setup Tour – Minimal &amp; Productive,"Take a tour of my 2025 desk setup, crafted for productivity and minimalism. Featuring ergonomic furniture, dual monitors, and ...",1242165,9396,7.564212483848764
Turn your phone into a productivity machine #iphone #productivity #productivityhacks,,242237,2228,9.19760399938903
"More screens, more productivity! This portable monitor setup weighs only 1.1kg (2.4lbs)",,4355703,56318,12.929715363972244
this is how I built my productivity desk setup.,Everything from the build can be found in the description box of the long video (   at the bottom of the video) #shorts #desksetup ...,1852581,35364,19.089043879862743
My Productivity Desk Setup,The first 1000 people to use the link in my description will get a free trial of Skillshare Premium Membership: ...,2007408,44466,22.15095287056742
Building my Dream Productivity Setup | Final Part,For Business Inquiries: jadencoyer@rakugomedia.com -------------------------------------------------------------------------- AMAZON ...,58546,2751,46.988692651931814
Try these productive desk ideas!,"One-click AI image enhancement solution, Restore your old photo with Uniconverter: https://event.wondershare.com/api/s/2g2 ...",872063,20248,23.218506002433312
Productive MacBook Desk Setup 2025,desksetup #minimalistic #officespace My latest desk setup in my new house with all the product details below. A full video to come ...,1270540,25406,19.99622207880114
The Most Functional Desk Accessory I&#39;ve Seen So Far! 🤯,Interested in checking it out? Click on my username at the bottom of the video. The desk shelf was provided by Hexcal for ...,30842732,1109716,35.979821761574165
My Productivity Desk Setup (2026),Check out the Vernal desks and use the code in the video to get an extra 6% off: US: https://bit.ly/4pImIwt UK: https://bit.ly/3KICk3s ...,44394,584,13.154930846510789
productivity desk setup tour 2025,6 desk upgrades: https://youtu.be/5zM0U_akFew join my channel membership: ...,1005241,17194,17.10435606983798
Building My DREAM Setup For Programming &amp; Productivity | 2026 Setup Tour,Speed up your creativity & take your setup to the next level with the Framer Creator Micro v2 ➝ https://framer.link/Luke Let's build ...,269817,6350,23.534469659065216
The best monitor for productivity #zakeary #gamingsetup #setup,,272492,4285,15.72523230039781
The 3 BEST configurations for remote work with a portable monitor #productivity #technology,,998306,20884,20.919437527171027
"How Notion Organize | Productivity, Planning &amp; Aesthetic Setup","Welcome to my digital brain! In this video, I'm walking you through how I use Notion to stay organized, boost productivity, and ...",279272,3862,13.828812054198059
"By FAR, the most productive desk setup (not even close)","If you're ready to start your business, or just want to test out all that Shopify has to offer, start your risk-free trial today by visiting: ...",116948,2770,23.68574067106748
You Don’t Need a Fancy Desk Setup in 2026 (This Works Better),"This minimalist desk setup helps me stay productive in 2026 without expensive gear, multiple monitors, or complicated systems.",41896,1737,41.459805232003056
Minimal Desk Setup,https://www.amazon.com/shop/jeremiahpeoples.,7811619,158721,20.31857928554887
The PERFECT Desk Setup!,This productivity / work setup has been two years in the making - now it's yours - all links below! Download the latest version of ...,6605918,147096,22.267306375889014
Improve your productivity in 7 min by installing these windows 11 customization tools!,"If you ever accidentally delete a file or run into a system error, this is the tool I trust to get everything back (sponsored): ...",1994620,43603,21.860304218347355
Building a productivity setup #pc #setup #tech,,22522,922,40.937749755794336
My Productivity Desk Setup Tour (2026),Get Riverside for 1 month free when you visit https://riverside.com/lp/ali-abdaal and use the code ALIRIVERSIDE If you fancy ...,160882,3286,20.424907696324016
Minimal desk setup for maximum focus and productivity #desksetup,"A clean and simple desk setup designed for focus, function, and aesthetic. Gear listed down below 🛠️ [ GEAR ] — MacBook ...",6502,84,12.919101814826208
Work from anywhere kind of day 👀 (details in description),Last time I did one of these I got a lot of hate saying that it's better to stay at home. Well for more of a context. I work from home or ...,13750724,394743,28.707070260445924
MacBook + Arzopa : Ultimate Dual-Screen Setup for Productivity 💻🚀,Want to get more done in less time? Connect your Arzopa Portable Monitor to your MacBook and enjoy a seamless ...,406777,33596,82.59070694754128
ULTIMATE desk setup + home office TOUR!! 👩🏻‍💻 WFH,,1983538,88066,44.39844358918256
13 Setup Upgrades That ACTUALLY Matter For Programming &amp; Productivity,Spin up your own home cloud with the UGREEN NAS DH2300! UGREEN NAS on Official Store(up to 15% off during 1/5-1/11) ...,56200,1895,33.71886120996441
productivity desk setup 2026,latest iteration of the work station stuff shown: desk - ikea trotten monitor - apple thunderbolt display computer - m4 mac mini with ...,32042,1093,34.11147868422695
3 Hacks To Make Work Suck Less,Want my books for free? Go here: https://www.acquisition.com/audiobooks Want physical copies? Go here: ...,1893622,93080,49.15447750395802
⛅️ starting my work day | my productive wfh desk setup,new workspace coming together and couldn't be happier! watch the full desk setup vid here: ...,447612,13665,30.528672153561565
My Productivity Desk Setup | Minimalist (2021),In this video I'm sharing a tour of my productivity desk setup as a minimalist. I spend a lot of time on my computer so I like to equip ...,31498,976,30.986094355197157
My iPhone home screen tutorial #minimalist #productivity #setup,,744924,12209,16.38959142140675
My ULTRA Productive Desk Setup for 2026!,I spend 8-10 hours at my desk almost every day working as a remote cloud software consultant. I finally decided to do a serious ...,36794,1469,39.924987769745066
This iPad Mini Setup Completely Changed How I Work,"After trying way too many apps, I narrowed it down to just 10. This is my minimal iPad Mini productivity setup — the only apps I ...",4769,164,34.38876074648773
Is A Stacked Monitor Setup Worth It? #setup,"The unboxing of the newest and coolest monitor of 2023.. The Geminos. This monitor is ideal for productivity, editing and ...",201260,3335,16.570605187319885
My Productivity Desk Setup,A quick update of Autumn in Australia.,78174,2431,31.09729577608924
my final dream ULTIMATE productivity desk setup. (2026),"wanna mange your time like a pro (CEOs, startup founders, etc.)? then check out Akiflow here! ⋅ https://akiflow.pro/KaiSep1 ...",131951,3498,26.5098407742268
Desk Setup Productivity Upgrades!,Making a few changes to my workspace setup✌  🖥️ ⌨️Keyboard: I've been looking to try out a compact mechanical ...,1652311,53316,32.267533170208274
7+ Desk Setup Upgrades that Improved My Life,Check out the Vernal desks and use the code in the video to get an extra 6% off: US: https://bit.ly/4sRhD5W UK: ...,4785,219,45.7680250783699
My Ultimate Work From Home Desk Setup for Productivity,SOCIAL MEDIA ·························· https://www.instagram.com/jomakaze/ ...,3615728,101696,28.126009478589097
My *productive* college desk setup for studying + recruiting,This ultimate college dorm desk setup has gotten me As and FAANGs (sorta idk it sounded cooler in my head). Enjoy FlexiSpot's ...,13494,371,27.49370090410553
My Cozy Productive Desk Setup!,I realized as I filmed this video that I enjoy a cozy yet productive desk setup. Something that calms me and energizes me at the ...,19883,1095,55.07217220741337
Productivity workflow &amp; desk setup 2025,"Try the #1 AI-powered personal productivity time-blocking tool, Akiflow, today https://akiflow.pro/bog-jan LINKS: Mouse ...",189175,6744,35.649530857671465
Light and Cozy Desk Setup #desksetup #cozydesksetup #standingdesk #homeoffice,,1506254,19322,12.827849751768294
Productivity Desk Setup 2026,Desk Setup 2026 name of the items: mouse: razer deathadder essential keyboard: aula f75 monitor: hp omen 24 headphones: ...,152074,7060,46.42476688980365
Work / Study From Home OFFICE Essentials 👩🏼‍💻⚡️ #workfromhome #wfh #homeoffice #homeofficesetup,,189044,5416,28.649414951016695
Quad monitor layout for maximizing productivity 2023 #2023 #deskinspiration #desksetup #setup,,73371,760,10.358315955895382
productivity workflow 2026,zen planner 2025: https://mirzakhani.io products mentioned: https://tinyurl.com/jvscholz1 dotfiles: ...,1043597,33082,31.699976140215046
Desk Setup UPGRADES you NEED to GET!,"My updated 2024 desk setup upgrades where I show off some of the changes I've made since 2022, the enhancements made on ...",5175701,215528,41.642281886067224
Setting Up My M5 MacBook Pro For Programming &amp; Productivity,New MacBook is out! Let me show you an updated version on how I set it up for programming & productivity! My New ...,264094,6646,25.16528205866093
